source,k,n_rows,n_participants,GA_min,GA_max,Avg_SWS_min,Avg_SWS_median,Avg_SWS_max
Carlson,8,126,29,8.43,38.71,0.9966581632653061,1.684151457272213,6.663042763157895
QUS,8,938,453,17.714285714285705,95.85714285714285,1.07531,2.2188806249999997,5.703329
